,x
1,FGFR1
2,CCL22
3,THY1
4,EFCAB5
5,MX2
6,TGM5
7,EMILIN2
8,ASIC3
9,COL13A1
10,NRCAM
11,ZNF280C
12,ANKAR
13,SNORD89
14,IVNS1ABP
15,CWF19L2
16,ANKRD23
17,ZNF93
18,H1FX-AS1
19,KRT15
20,CHAD
21,MACROD2
22,UGT1A4
23,OCLM
24,LCN12
25,KIF14
26,FETUB
27,SMC2
28,COL4A1
29,THUMPD3-AS1
30,LRRC63
31,LOC389765
32,CHST1
33,ZNF586
34,ABCA13
35,FBN1
36,GLT8D2
37,RAD54L
38,NUDCD1
39,MED12L
40,KIAA1328
41,OTUD6B
42,CCDC3
43,ZNF732
44,TMEM200A
45,ZNF782
46,CPXM2
47,TAS2R31
48,SPICE1
49,ADIRF
50,RNF165
51,PRSS54
52,RIMS1
53,ZFHX4
54,HERC2P3
55,PCDHGA12
56,MBD5
57,MIR200C
58,BTBD16
59,NFE2
60,NDC80
61,ENTPD8
62,NOS2
63,PCDHGA9
64,VLDLR-AS1
65,N4BP2
66,SNORA54
67,NBPF12
68,CACNA1B
69,BMS1P4
70,IL2RB
71,FOXD4
72,LOC729603
73,WDR66
74,GOLGB1
75,ZDHHC11
76,RDH16
77,MSLN
78,ZNF765
79,DMC1
80,ANKRD18B
81,DLEC1
82,FANCB
83,ABCD2
84,KIZ
85,ELFN1
86,HERC2P9
87,CES1P1
88,DNAH12
89,CCAT1
90,B3GNT6
91,ZNF77
92,ZNF90
93,BNC2
94,ANKRD1
95,ALPL
96,LYG1
97,SACS
98,ZNF25
99,VWA8
100,HNRNPA1L2
101,PSCA
102,PRDM6
103,BDP1
104,RPGRIP1L
105,ABCC5
106,PCDHGA6
107,SNORD116-4
108,PRPF39
109,AGAP6
110,EME1
111,STARD9
112,CENPI
113,FLJ37201
114,PCDHGB2
115,FAM227A
116,DDIT4L
117,ANKRD20A8P
118,LINC00578
119,KIF3A
120,CCDC30
121,PRSS12
122,DMTF1
123,SULF1
124,GUSBP11
125,MIPOL1
126,SNORA71D
127,ZNF638
128,DCLK2
129,ZNF467
130,TAS2R30
131,PRPF38B
132,PLEKHG7
133,STPG2
134,FSTL4
135,C1RL-AS1
136,DLC1
137,RUFY2
138,RNF207
139,ATP8A2
140,MYRIP
141,QRICH2
142,PGBD4
143,LINC01347
144,CACNA1E
145,CCDC66
146,THOC1
147,PHF3
148,BTBD8
149,SERPINE1
150,SYT13
151,STXBP6
152,CCDC158
153,FAM95C
154,RBP5
155,RPS6KA5
156,BICD1
157,RNF180
158,CLCN6
159,MYEF2
160,PAPPA2
161,GKAP1
162,CROCCP3
163,FAT3
164,PTBP2
165,WHAMMP3
166,TRIP11
167,CLK4
168,BTAF1
169,ZNF491
170,SMG1P7
171,EEA1
172,LOC729732
173,ZNF92
174,TPTE2P6
175,LOC155060
176,STAB1
177,LYZ
178,C6orf163
179,ZNF662
180,CIITA
181,DKK1
182,ESF1
183,EML6
184,PLXDC1
185,LAT
186,ZMYM2
187,ATP13A4
188,SDHAP2
189,ZNF630
190,SDCCAG8
191,NOL8
192,RNPC3
193,IL32
194,NEIL3
195,ITGBL1
196,LY6G5B
197,BEST4
198,LAMA2
199,NBPF18P
200,CTTNBP2
201,LOC100506178
202,AADACL2-AS1
203,RBM28
204,LINC00342
205,TMEM229B
206,LOC642846
207,CDKAL1
208,SORBS1
209,DDX11
210,PCDHGB7
211,RDM1
212,KDM7A
213,KCNMB3
214,CENPU
215,AXDND1
216,DPY19L2
217,ARMC2
218,BRCA1
219,GPX2
220,SNORD116-22
221,CD200
222,ENOSF1
223,C1orf54
224,RBFADN
225,SLFN12
226,LOC100996447
227,AHI1
228,SPATA6L
229,LMNB1
230,LOC440434
231,PCDHGB6
232,LINC00332
233,DLGAP1-AS2
234,FMOD
235,LOC283299
236,CWC25
237,FAN1
238,ERP27
239,CDKL4
240,FAM111B
241,ROBO2
242,RPL21P44
243,SNORA38
244,KC6
245,XRRA1
246,ENTPD1
247,EFCAB7
248,CHSY3
249,IL6
250,LOC399815
251,STK33
252,NCAPG2
253,EVC2
254,PCDHB19P
255,PNMA2
256,NIN
257,ZNF292
258,GABPB1-AS1
259,NRBP2
260,ITPR2
261,SLC9C2
262,ADAM22
263,LOC100132078
264,OIT3
265,COL4A4
266,THBS2
267,SYNE1
268,ICAM1
269,CATSPER3
270,KANTR
271,ACTR3C
272,SNORA62
273,CEP128
274,RHBDL3
275,DNASE1L3
276,BNIPL
277,PER2
278,SASS6
279,SMG1P2
280,BRD8
281,FHAD1
282,WRN
283,SRRM5
284,COL1A1
285,ZFC3H1
286,BREA2
287,RIF1
288,LOC100288637
289,TSGA10
290,CENPE
291,SOWAHA
292,ZNF141
293,MAP2K6
294,PUS10
295,CRABP2
296,GABBR1
297,TNNT2
298,GOLGA8R
299,LOC200772
300,PRTFDC1
301,CTSE
302,ADAMTS14
303,PRIM1
304,CYP2C18
305,GPX3
306,SERPINI2
307,OSBPL6
308,THOC2
309,HSD17B1
310,TIGD1
311,ZNF814
312,DYNC2H1
313,CCDC88A
314,MSH5-SAPCD1
315,KIF1A
316,ALOX15B
317,AASS
318,GUSBP2
319,AFAP1-AS1
320,PLA2G4C
321,MSX1
322,KIF21A
323,PKD1L3
324,MTRF1
325,ZNF14
326,OFD1
327,SLC5A1
328,ENO3
329,PLCL1
330,SLC5A9
331,CFTR
332,AGBL4
333,ZNF711
334,TICRR
335,CHMP1B2P
336,SPNS2
337,SLC4A9
338,ZNF670
339,KCNH1
340,DMGDH
341,HES5
342,BRCA2
343,ZNF595
344,NIPSNAP3B
345,ZNF487
346,SPNS3
347,PRPF18
348,ZNF876P
349,LINC00174
350,CNTNAP1
351,POLE2
352,RBL1
353,PDE6A
354,C5orf34
355,HPGD
356,SNORA66
357,TTLL9
358,TRPV3
359,EFCAB6
360,CYP4A22
361,WEE1
362,PI3
363,MAMDC2
364,SENP6
365,LINC00471
366,KCTD16
367,PDGFD
368,ATP2C2
369,NRXN1
370,ELMOD1
371,ESCO1
372,PPIP5K2
373,ZNF354B
374,ZNF295-AS1
375,LINC00893
376,LEF1
377,SYT11
378,SPOCK2
379,NAA16
380,PER3
381,RNF5P1
382,FGD5P1
383,ZNF485
384,TXLNB
385,LY6D
386,ZGRF1
387,MLXIPL
388,DNAAF1
389,SNORA80B
390,IRF8
391,LYPLAL1-AS1
392,FRA10AC1
393,LOC100130691
394,TMEM232
395,LINC00460
396,PYGM
397,LINC00607
398,LRP2
399,ZNF37BP
400,SLC38A6
401,CYP2C8
402,NFAM1
403,7-Mar
404,TAF7L
405,ZNF442
406,TRIM17
407,DCHS2
408,EFCAB13
409,L3MBTL1
410,KRBA2
411,ZNF737
412,RNGTT
413,ZNF443
414,EZH2
415,PDE4DIP
416,SNORA68
417,THBS3
418,FKSG29
419,CEP290
420,PMP22
421,TSPAN7
422,NEMF
423,LOC102546294
424,MAP2
425,LYPD2
426,IQUB
427,MBTD1
428,PRTG
429,IL31RA
430,BPTF
431,BRWD1
432,KNTC1
433,CDK5RAP2
434,PDE7A
435,ARHGAP11A
436,SNORA48
437,DYNC1I1
438,KLHL3
439,DOCK10
440,MGP
441,IL18BP
442,IQGAP3
443,AADAT
444,LOC100130950
445,ZNF567
446,PDE2A
447,TNFRSF9
448,TCN1
449,SCN2A
450,CRYGS
451,NAV3
452,NAA15
453,VCAN
454,RAPGEF5
455,FAM71E2
456,CLVS1
457,LINC00271
458,WDR27
459,LOC100506606
460,DNAH17
461,MKI67
462,LTBP2
463,INVS
464,AGER
465,SALL4
466,GEM
467,CDCA7
468,PSMD6-AS2
469,COL8A1
470,PMS1
471,AGTPBP1
472,LYPD3
473,PABPC1L
474,LOC101926913
475,RBM5
476,SUPT3H
477,MIR222
478,TBC1D19
479,ZNF717
480,SYNPO2
481,LYPD6
482,GOLGA2P5
483,FAM3D
484,LINC01252
485,GRASP
486,BUB1B
487,RASGEF1A
488,MERTK
489,SCART1
490,SNORD95
491,CCDC175
492,FIGNL1
493,HP1BP3
494,GON4L
495,CCDC162P
496,XAF1
497,TAF1L
498,C2orf70
499,TMEM156
500,MTMR7
501,SRPX
502,NPIPB5
503,WNK3
504,SNORD58A
505,GCC2
506,TPTE2P1
507,COL28A1
508,ANKRD20A11P
509,DNM1
510,KIAA1257
511,PLA2R1
512,ZNF844
513,KRT16P1
514,DEPDC5
515,DLEU7-AS1
516,RBM19
517,PCDHGA5
518,TYW1B
519,EMC3-AS1
520,ADAM1A
521,AGBL2
522,PDE4B
523,PDE11A
524,PNISR
525,DPP4
526,CSMD1
527,DHRS2
528,WDR17
529,ZBTB20
530,CECR2
531,ADAM23
532,BCO2
533,KIN
534,GBAP1
535,SNORA49
536,NPPA-AS1
537,AMY2B
538,SPAG16
539,GPR19
540,NNMT
541,ZNF484
542,COL27A1
543,UGT1A3
544,PTGS2
545,ANK3
546,ZC3H12B
547,SYNPR-AS1
548,ATP6V1C2
549,MIS18BP1
550,LUC7L3
551,ZNF214
552,SNX10
553,PSORS1C3
554,CPVL
555,KCNQ1OT1
556,PCSK5
557,CPLX1
558,GAL
559,SCN11A
560,MSH2
561,SNORA65
562,DPYSL3
563,MSTO2P
564,HYDIN
565,LYPD1
566,CASC15
567,LRRC36
568,AREG
569,ZNF700
570,ZNF138
571,ZNF223
572,GUSBP4
573,MYO1H
574,OBSCN
575,ERICH6
576,LEPR
577,FAM133B
578,RSRC1
579,INHBA
580,LOC643339
581,ZNF382
582,FUT2
583,KBTBD8
584,SIM2
585,PIK3C2G
586,DCAF4L1
587,BACH1-IT2
588,OGFR-AS1
589,SRBD1
590,ANAPC4
591,CCDC114
592,PZP
593,LOC100507053
594,COL22A1
595,BRSK1
596,SNORA8
597,TOP2A
598,DLL3
599,ZNF699
600,GUCY1B2
601,BEX5
602,LRRC69
603,ZNF407
604,EPB41L2
605,TAF1
606,KLHDC1
607,HELB
608,SLC4A5
609,PWARSN
610,C11orf65
611,SLC7A2
612,MYH7B
613,NFAT5
614,SPATA32
615,CEP55
616,ZNF823
617,ZNF84
618,GVINP1
619,SLK
620,SPIDR
621,PHF14
622,LENG8
623,SRSF11
624,PVT1
625,RBM6
626,TMEM176A
627,TMPRSS5
628,ANKS1B
629,RUFY3
630,CA3
631,SPARC
632,PTK6
633,ANKRD20A5P
634,SP4
635,ATF7IP2
636,PLCH1
637,SUV39H2
638,DRICH1
639,ST6GALNAC5
640,ZNF660
641,GPC6
642,ZC2HC1A
643,ZRSR2
644,RPS16P5
645,ZNF594
646,CACNA1A
647,SLC7A9
648,ZNF833P
649,CYP2B7P
650,SFTA1P
651,MORC3
652,MYCBPAP
653,TPR
654,DTNA
655,ATP8B4
656,TBC1D32
657,PTX3
658,MON2
659,ZFP37
660,GPER1
661,ZFP62
662,ADAM19
663,SLC26A9
664,ZNF280B
665,CLASRP
666,G0S2
667,ARC
668,SNCAIP
669,KRT6A
670,LOC101929140
671,NBEA
672,STAG3L1
673,SCARNA22
674,ORC6
675,ZNF34
676,SCAND2P
677,EEF1DP3
678,GTF2H2B
679,ODF2L
680,ESCO2
681,C2orf27A
682,CENPJ
683,ZNF432
684,RNU11
685,SDHAP1
686,DNAI1
687,PRAME
688,DDX12P
689,MCM7
690,HEATR4
691,CENPK
692,EVL
693,KRT6C
694,FN1
695,FOXI1
696,BBS9
697,NCAPG
698,ALOX12P2
699,ASXL3
700,HMCN1
701,CCDC171
702,ACTR3B
703,SYCE3
704,ERG
705,ARHGAP6
706,JAM3
707,LINC00862
708,DDHD1
709,FTX
710,DUSP13
711,GPALPP1
712,ROR1
713,ARMCX4
714,HLA-DQB1
715,ZNF571-AS1
716,SHCBP1
717,SCN9A
718,IFFO1
719,FMN1
720,A2M
721,ZNF204P
722,SEMA6A
723,FOSL1
724,MDM4
725,APLP1
726,PA2G4P4
727,JAKMIP3
728,GDPD2
729,C12orf74
730,POLQ
731,ZNF514
732,RPTN
733,PCDHGA8
734,CEBPA
735,PPIEL
736,HSD17B3
737,FGF2
738,ZNF202
739,SORCS2
740,ARHGAP28
741,GUCY2F
742,COL24A1
743,ITGA1
744,KLKB1
745,MYO15B
746,HDX
747,UPP2
748,CACNA1F
749,ZNF563
750,FREM2
751,CCDC144B
752,LMCD1-AS1
753,WDR49
754,UPF3B
755,CDC45
756,SPC25
757,STAG3L2
758,CPO
759,PMS2P4
760,SSUH2
761,ZNF577
762,C2CD4A
763,STAC3
764,ADAMTS6
765,MUSTN1
766,MTCP1
767,LOC645513
768,CCDC15
769,ZNF571
770,CLSPN
771,ZNF565
772,KIF20B
773,CCDC84
774,SLIT2
775,ZNF589
776,NUSAP1
777,ATP13A5
778,TSNAXIP1
779,KIF6
780,ANKRD31
781,DNAJC28
782,PATL2
783,HIBCH
784,HPDL
785,NRXN3
786,SGK2
787,KIAA0895L
788,MIR1260B
789,MKRN7P
790,CLTCL1
791,DLG4
792,TYRO3P
793,ZNF300
794,LINC01355
795,IP6K3
796,BCAT1
797,ANKRD36
798,FNBP4
799,ZNF518A
800,CASP8AP2
801,CEP72
802,FAM184A
803,SYT10
804,OGDHL
805,USP32P2
806,UBD
807,RAB40AL
808,IQCA1
809,MCPH1
810,KLHL41
811,SCG2
812,FBXO39
813,RBAK
814,ALG1L9P
815,LOC220729
816,ZNF852
817,CRB1
818,FANK1
819,RORA
820,GOLGA8N
821,SLC6A16
822,RAD51B
823,LINC00707
824,ABCA11P
825,C5orf63
826,CCT6P3
827,CYSLTR1
828,HIF3A
829,PARPBP
830,GIPR
831,SNORA80A
832,STAG1
833,HCK
834,ACRBP
835,COX7A1
836,SNORA53
837,DNA2
838,LRRC17
839,NEK1
840,POLI
841,CHD6
842,PPP1R1B
843,ESYT3
844,ZRANB2-AS2
845,ABCC9
846,ADCY1
847,TRMT10B
848,LRRC39
849,CSAD
850,PCDHGA3
851,SLC28A1
852,ASTN2
853,MCOLN3
854,DEPDC1B
855,NEAT1
856,S100PBP
857,PIEZO2
858,ZNF157
859,ACY1
860,CATSPER2
861,LINC01006
862,MYSM1
863,HOXA3
864,LOC374443
865,CNTLN
866,PGBD5
867,SMC6
868,C6orf141
869,ZNF667
870,CCDC146
871,DDX10
872,CASC1
873,MYO15A
874,LGALS8-AS1
875,CES4A
876,ZNF845
877,POLA1
878,PMS2CL
879,AK9
880,ZNF300P1
881,CCDC81
882,TIGD7
883,XIST
884,MNAT1
885,AGAP11
886,MYCBP2
887,LINC00964
888,CLUAP1
889,ANKRD45
890,CRMP1
891,SNORD33
892,ZNF493
893,ZNF10
894,TOP1P1
895,GABRE
896,NLRC3
897,CAPS2
898,LCP1
899,ALK
900,SNORA63
901,SNX31
902,TTC14
903,SNORD116-20
904,VCAM1
905,CYP2C9
906,PCDH9
907,DIAPH3
908,LINC01341
909,PSD3
910,SPEF2
911,LINC00887
912,DEPDC1
913,ST8SIA1
914,SULT1E1
915,PLCB1
916,EXOC6B
917,PROX1
918,UCHL1
919,VTI1A
920,ZNF663P
921,RRM2
922,RAD51AP2
923,GNG11
924,TNIP3
925,TIGD4
926,HSPA7
927,PPP2R2B
928,CCDC73
929,AKAP6
930,COL4A5
931,ZNF600
932,FAM122C
933,CMYA5
934,GARNL3
935,LOC100505715
936,LOC100133091
937,GSDMB
938,RBM26
939,TTLL7
940,ZNF235
941,SOX17
942,TNNI3
943,SH3RF3
944,TIMP1
945,LAMA1
946,ZNF197
947,UCN2
948,IGSF10
949,LINC01060
950,ZNF345
951,CCDC151
952,CHN2
953,ZNF117
954,ZNF135
955,CHGB
956,LOC101927746
957,HOXA11
958,ZNF311
959,FSIP2
960,C5
961,SEPT5-GP1BB
962,GUSBP9
963,PCF11
964,LARP1B
965,NCAM1
966,TTC12
967,STC1
968,DTL
969,CCDC7
970,SNORA71B
971,ZNF665
972,RGS17
973,COL21A1
974,LRGUK
975,ZRANB2
976,RBBP6
977,RBM39
978,SNORA9
979,LOC100130476
980,FRAS1
981,MAPK10
982,GHRLOS
983,ACACB
984,FAM157A
985,MIR17HG
986,CCDC39
987,MIR100HG
988,NAIP
989,ZBBX
990,TCHH
991,ZNF578
992,NBPF10
993,STXBP5-AS1
994,STK31
995,AMT
996,THUMPD2
997,CDH2
998,TRO
999,SENCR
1000,ZNF83
1001,CDH6
1002,SPOCK3
1003,RBM41
1004,ZNF441
1005,KLHL31
1006,CASR
1007,LOC100133315
1008,NEDD9
1009,GAD1
1010,XRCC4
1011,NCKAP5
1012,ZC3H8
1013,ATP2A1
1014,ADAMTS9
1015,IGSF9B
1016,PLCB2
1017,CCL2
1018,TNIK
1019,PLTP
1020,PRKXP1
1021,GPBP1
1022,DIXDC1
1023,TLR4
1024,TRMT13
1025,RRN3P3
1026,PCDHGB1
1027,COL7A1
1028,INTS3
1029,ZCWPW2
1030,ZNF454
1031,LAMC3
1032,LY6K
1033,KLF3-AS1
1034,ZCCHC7
1035,BTN2A3P
1036,SHISA9
1037,SOCS1
1038,MIAT
1039,CBWD3
1040,FGF14
1041,COL1A2
1042,CHD2
1043,DNAH14
1044,COL4A2
1045,LOC100506258
1046,ZNF507
1047,SCUBE3
1048,UACA
1049,KRIT1
1050,CCDC62
1051,FAM161A
1052,TRAF1
1053,FMNL2
1054,TAF1D
1055,RAD52
1056,OLFML3
1057,LAMB1
1058,FGR
1059,PCDHGA11
1060,PIWIL4
1061,DBF4B
1062,PCDHA12
1063,ZNF675
1064,NINL
1065,RPS15AP10
1066,MALAT1
1067,ARHGAP33
1068,ST18
1069,MLH3
1070,MXRA5
1071,PCNT
1072,ZFP82
1073,LOC101928020
1074,DNM3
1075,PPP1R12B
1076,AFF2
1077,LINC00941
1078,HHLA2
1079,SLC22A1
1080,CFD
1081,PLCD4
1082,GDF15
1083,PNPLA7
1084,MYH3
1085,AP3B2
1086,PKD1L1
1087,STX16-NPEPL1
1088,ZSCAN12
1089,TRAF5
1090,SNORD1C
1091,TRIM9
1092,CACNA2D1
1093,HOXA10
1094,ERC1
1095,KIF27
1096,ZNF385A
1097,MIA2
1098,CCSER1
1099,PCDHA13
1100,RPS14P3
1101,B3GALT5
1102,ARHGEF33
1103,MIR642A
1104,LONRF2
1105,ITIH4
1106,MUC21
1107,ZNF30
1108,FAM153B
1109,COL3A1
1110,LINC00598
1111,TAF5
1112,DNAH5
1113,ZNF283
1114,CCDC136
1115,FAM110B
1116,FITM1
1117,GOLGA4
1118,PEX5L
1119,CCDC110
1120,LRMP
1121,DCAF13P3
1122,TIPIN
1123,CLEC2D
1124,LINC00939
1125,PNN
1126,SNORD88B
1127,TANGO6
1128,HSP90B2P
1129,DZIP1
1130,CCDC102B
1131,MORN1
1132,SERPIND1
1133,ZNF333
1134,SPRR2D
1135,LRP4
1136,ZNF248
1137,RYR3
1138,HOXB5
1139,ARHGEF25
1140,DGKH
1141,10-Mar
1142,CIART
1143,TTLL6
1144,ZNF761
1145,PTPRZ1
1146,MCM6
1147,SNORA71E
1148,CCDC168
1149,MPHOSPH9
1150,RIC3
1151,CSGALNACT2
1152,KCNAB3
1153,LRRC40
1154,MAATS1
1155,CNGA3
1156,LRRC70
1157,ZNF253
1158,GSTM2
1159,REP15
1160,AKAP9
1161,PPP1R9A
1162,MSS51
1163,POLE
1164,FBXL13
1165,ATAD2B
1166,PLCE1
1167,GLI1
1168,SERHL2
1169,PTOV1-AS1
1170,KIAA2026
1171,SNORD94
1172,FAM111A
1173,FABP3
1174,ADPRM
1175,TFRC
1176,DNAH11
1177,CD83
1178,CA2
1179,KDM4C
1180,C1QTNF3
1181,ITGA10
1182,SPOCK1
1183,RNF138P1
1184,SCARNA6
1185,RGPD3
1186,PPWD1
1187,LRP1B
1188,ZNF257
1189,NKAPL
1190,ATRX
1191,DCDC1
1192,FANCM
1193,CDH8
1194,CREB3L1
1195,GP5
1196,SEC31B
1197,PCDHA11
1198,COLQ
1199,ZNF606
1200,CEP192
1201,ZNF789
1202,ZNF546
1203,GOLGA6L5P
1204,SNORA44
1205,GALR2
1206,ZNF780B
1207,CEP95
1208,PCCA
1209,ALMS1
1210,ZNF286B
1211,CENPC
1212,TMEM178B
1213,PMFBP1
1214,C10orf99
1215,LRRC37A4P
1216,ANKRD19P
1217,RMDN2
1218,ALG13
1219,STX1B
1220,MEF2C
1221,ZNF678
1222,ALG1L2
1223,ZNF107
1224,SNORA64
1225,DDX46
1226,RIMKLB
1227,NBPF15
1228,SCIN
1229,CCBE1
1230,ITGB1BP2
1231,PKDCC
1232,SOX15
1233,KIF5C
1234,ZNF674
1235,GANC
1236,CUBN
1237,CILP
1238,ZNF136
1239,ACADL
1240,SPAG17
1241,ABCA5
1242,CHD1
1243,ZNF112
1244,WSB1
1245,SLC26A8
1246,HERC2P4
1247,SNORD26
1248,CHL1
1249,DDX43
1250,MUC16
1251,EML5
1252,PDE1A
1253,WHAMMP2
1254,TRPM6
1255,STXBP4
1256,SEC16B
1257,WDR72
1258,ZNF100
1259,ZNF354A
1260,ZNF23
1261,EAF2
1262,CNTN3
1263,PLEKHH2
1264,FTH1P3
1265,HNF1A
1266,UCP3
1267,CEP83
1268,ZNF37A
1269,PFKFB1
1270,GGT1
1271,FER1L5
1272,GFPT2
1273,PCLO
1274,ZNF404
1275,C8orf34
1276,LINC00926
1277,LOC101927391
1278,DONSON
1279,LINC01014
1280,CLNK
1281,MYO3B
1282,GORAB
1283,MLIP-IT1
1284,DSCC1
1285,CPNE7
1286,TMEM161B-AS1
1287,POC5
1288,GPR179
1289,LOC100506403
1290,SMCHD1
1291,IL17C
1292,ARHGEF38
1293,GRIK2
1294,WTAPP1
1295,MPDZ
1296,PARD3B
1297,NHS
1298,ULBP1
1299,SOX5
1300,SHPRH
1301,MATN2
1302,LOC100506124
1303,TAS2R3
1304,SNORA27
1305,CDSN
1306,SOD3
1307,C2CD4C
1308,LINC01123
1309,LINC00630
1310,CHRNA7
1311,TEKT3
1312,ZNF846
1313,KRBOX4
1314,DMXL2
1315,SNORA23
1316,PHACTR3
1317,CAPN3
1318,CEP170
1319,ZNF559
1320,LINC00284
1321,SRRM2
1322,PDXDC2P
1323,PRIMPOL
1324,ZNF418
1325,ZNF224
1326,SMG1
1327,ARID4A
1328,NR3C2
1329,SLC35G2
1330,ZNF44
1331,LIMS2
1332,LOC101926889
1333,HHIP-AS1
1334,AMIGO2
1335,SUSD4
1336,AR
1337,UNC79
1338,SOX21
1339,HOOK3
1340,CEP44
1341,NEB
1342,LRRIQ1
1343,PILRB
1344,C1orf112
1345,PAMR1
1346,ZBTB49
1347,ZNF767P
1348,MCM8
1349,CEP112
1350,DNAH1
1351,LOC101927322
1352,ANKRD6
1353,SLC1A2
1354,NBPF11
1355,HOXB-AS1
1356,LOC646214
1357,FAM135A
1358,SERPINA1
1359,GPRASP1
1360,ARHGAP26
1361,DZANK1
1362,ASRGL1
1363,UNC13A
1364,PRPF3
1365,ABCA6
1366,TNFSF12
1367,LRRC37A3
1368,BAZ2B
1369,UBE2Q2P1
1370,LIF
1371,FRMD5
1372,GRM4
1373,DOCK4
1374,MAP3K12
1375,IL11
1376,PMS2P5
1377,PRKD1
1378,KANK3
1379,ZNF841
1380,COMMD10
1381,STK3
1382,ANKRD36B
1383,L3MBTL4
1384,CHI3L2
1385,PAM16
1386,COL25A1
1387,N4BP2L2-IT2
1388,CHD9
1389,SERPINC1
1390,DNAH10
1391,SFI1
1392,CACNB4
1393,VPS13A
1394,AVIL
1395,LOC101927354
1396,PFDN4
1397,SREK1
1398,MYO3A
1399,ZNF226
1400,DPRXP4
1401,B4GALNT4
1402,RPL19P12
1403,HMSD
1404,ALOX12
1405,ARID4B
1406,DNAJC25
1407,C2CD5
1408,GREB1L
1409,KIAA1109
1410,ZNF91
1411,SNORA55
1412,CCP110
1413,ZNF471
1414,SYNE2
1415,SNORA21
1416,PRDM15
1417,KIF15
1418,GOLGA8A
1419,POLK
1420,TMOD4
1421,EXOC4
1422,PMS2P3
1423,SNORD27
1424,LOC100132077
1425,FOXJ1
1426,TLE6
1427,ZDHHC8P1
1428,REV1
1429,HYAL1
1430,ESR2
1431,EVI5
1432,ST3GAL3
1433,ANKRD18A
1434,LEKR1
1435,PLCB4
1436,LINC01239
1437,GSTA7P
1438,ATP6AP1L
1439,SLX4IP
1440,ZNF233
1441,ANKRD20A9P
1442,ZNF430
1443,NASP
1444,ATP9B
1445,ZNF273
1446,KRT6B
1447,PHIP
1448,POLN
1449,DNAH3
1450,HAUS3
1451,TRMT11
1452,MYO9A
1453,DTHD1
1454,SLC47A2
1455,PGAP1
1456,ZFP57
1457,MYOT
1458,CCDC154
1459,CCDC91
1460,ZFP69B
1461,CKAP2L
1462,LINC-PINT
1463,TTC3P1
1464,LOC100288069
1465,RASGRF2
1466,LOC101927468
1467,ZNF850
1468,VGF
1469,SDK1
1470,C6orf118
1471,SRSF7
1472,ARMCX5-GPRASP2
1473,FAM153A
1474,H19
1475,HSP90AB4P
1476,TMEM234
1477,METAP1D
1478,HOXC8
1479,SLC22A16
1480,ZDBF2
1481,LINC00520
1482,EDNRA
1483,MMP9
1484,C6orf222
1485,WHAMMP1
1486,ZSCAN23
1487,MUC4
1488,ULK4
1489,ZFP28
1490,C19orf18
1491,SNORA16A
1492,MIR7845
1493,ZNF610
1494,ZNF160
1495,KDR
1496,SRSF5
1497,TLN2
1498,ZNF75A
1499,TAF1A
1500,DISC1
1501,CCR7
1502,CLEC18A
1503,CCDC183
1504,JPH3
1505,UGGT2
1506,KRT81
1507,EXO1
1508,FBXW10
1509,LOC100133286
1510,MTUS2
1511,MYBPC1
1512,RFTN2
1513,LINC01279
1514,SEMA7A
1515,CDK11A
1516,ANXA6
1517,SNORD5
1518,MST1L
1519,CEP250
1520,CD72
1521,TRPM7
1522,CCNL1
1523,SFSWAP
1524,PCDHGA7
1525,TAS2R14
1526,ARGLU1
1527,SUSD3
1528,KCNC3
1529,TSSK1B
1530,IRX4
1531,CYP2C19
1532,MGAT3
1533,MDH1B
1534,DNAH2
1535,CCDC150
1536,PRAM1
1537,VWDE
1538,SMC4
1539,CEP152
1540,ERICH3
1541,ZNF114
1542,NKTR
1543,KIAA0753
1544,DEPDC4
1545,NUP62CL
1546,SCML2
1547,SAMD11
1548,SNORA61
1549,GRM7
1550,GREB1
1551,NBPF8
1552,IL16
1553,ZNF726
1554,FAM83C
1555,ENPP3
1556,ARHGAP11B
1557,SNORA26
1558,NEXN
1559,LHX5
1560,ZNF655
1561,UPF2
1562,SVEP1
1563,SNORA11
1564,DSCAML1
1565,DPH6
1566,NOC3L
1567,CACHD1
1568,TRIM45
1569,ABCC6P1
1570,AASDH
1571,SERPINA6
1572,GPATCH2
1573,CNTRL
1574,ZNF43
1575,USP48
1576,ZEB1
1577,ZNF439
1578,SYNE3
1579,NTNG1
1580,UTRN
1581,CCT6P1
1582,SNORA80E
1583,RBM44
1584,CDH11
1585,CREB5
1586,CLIP3
1587,ASPM
1588,IL1RL1
1589,RSRP1
1590,PCAT1
1591,PRC1
1592,ZNF550
1593,CXCR2
1594,GOLGA8B
1595,ZNF736
1596,EGR1
1597,PDCL3P4
1598,SGSM1
1599,DNAH7
1600,DMD
1601,CGNL1
1602,C2orf74
1603,FAM166A
1604,S100A7
1605,PCDHGB3
1606,COL5A2
1607,MYCT1
1608,ACTG1P4
1609,SPDEF
1610,HSD17B6
1611,UVSSA
1612,SRGAP3
1613,TTC21B
1614,USP15
1615,TEKT5
1616,SCN8A
1617,HSD17B7P2
1618,BRIP1
1619,VPS13B
1620,CCDC40
1621,ARHGAP20
1622,LRRCC1
1623,PRPF4B
1624,CLIC5
1625,ATE1-AS1
1626,SEC14L1P1
1627,VWA3A
1628,MEGF6
1629,PTPRQ
1630,ANKRD12
1631,PLA2G6
1632,GDNF
1633,DCAF4
1634,ACSM3
1635,GPR21
1636,ANGPT1
1637,ATAD5
1638,NLRP14
1639,ELFN1-AS1
1640,IRAK2
1641,NPTX1
1642,VN1R1
1643,CCNB3
1644,MNS1
1645,RAD50
1646,ZNF708
1647,ZNF763
1648,SNRNP48
1649,ATP8A1
1650,ZNF808
1651,KSR1
1652,SYCP2
1653,MAT1A
1654,BOD1L1
1655,PDE3B
1656,SNORA6
1657,TRPV6
1658,DRAM1
1659,S1PR3
1660,STARD4-AS1
1661,ADHFE1
1662,DNAH6
1663,ZNF280D
1664,LIN9
1665,GHR
1666,CEP162
1667,ZNF878
1668,ADAM12
1669,HJURP
1670,ORC1
1671,TAS2R19
1672,LOC100335030
1673,PPP4R1L
1674,SLC16A12
1675,IQGAP2
1676,DIS3L2
1677,SWT1
1678,IMPG2
1679,EID3
1680,CEP70
1681,CCDC148
1682,CEP164
1683,ZNF334
1684,SDHAP3
1685,CEP85L
1686,ZNF682
1687,LOC100507006
1688,TTF2
1689,MIR1281
1690,LRRK2
1691,CGREF1
1692,GLMN
1693,TRA2A
1694,CLK1
1695,GMNC
1696,RND1
1697,PMS2P9
1698,SLC25A27
1699,NR1I2
1700,GABPB2
1701,ERCC6L
1702,TTC23L
1703,PLEKHS1
1704,ATAD2
1705,R3HCC1L
1706,MAP3K7CL
1707,PCDHGB8P
1708,IFT74
1709,SNX29P2
1710,ZNF519
1711,SPATA5
1712,CCAR1
1713,RASA2
1714,EDN1
1715,IZUMO1
1716,RBM25
1717,NBEAL1
1718,CEACAM5
1719,CEP135
1720,HERC2P7
1721,DMBT1
1722,FMN2
1723,ZNF774
1724,GSAP
1725,ZRANB3
1726,SMA4
1727,ZFP2
1728,STK32A
1729,MSI1
1730,RFC3
1731,PAPPA
1732,DZIP1L
1733,LINC00869
1734,CPT1C
1735,ZNF192P1
1736,IL11RA
1737,POU5F2
1738,SUZ12P1
1739,RECK
1740,ZNF790-AS1
1741,ETV5
1742,ITFG2
1743,ELF5
1744,CENPF
1745,PBX4
1746,C22orf46
1747,SPAG5
1748,SLC16A1-AS1
1749,ARL14
1750,MPP1
1751,ZNF528
1752,CCDC152
1753,CAPRIN2
1754,WDR76
1755,NSUN6
1756,MDN1
1757,ANKFN1
1758,KANSL1L
1759,GAS1
1760,PLCH2
1761,INTU
1762,SYTL4
1763,CLDN11
1764,POLG2
1765,DDX55
1766,TET1
1767,HSPA6
1768,ZMYM5
1769,SKAP1
1770,NPR2
1771,MUC19
1772,LOC727896
1773,SOX6
1774,AADACP1
1775,UGT1A1
1776,BEND5
1777,LOC728613
1778,ZNF793
1779,CARF
1780,C12orf56
1781,RRN3P2
1782,TNRC18P1
1783,LOC101927881
1784,ZNF431
1785,SOX30
1786,NAALADL2
1787,N4BP2L2
1788,RIMBP2
1789,ZNF221
1790,TTN-AS1
1791,CHEK1
1792,ZNF626
1793,TRANK1
1794,TNNT3
1795,OLFM4
1796,DPY19L1P1
1797,RCN3
1798,ZNF239
1799,CCDC144CP
1800,CCDC18
1801,FAM133CP
1802,RRN3P1
1803,BLM
1804,RPAP2
1805,ZNF721
1806,C9orf43
1807,HELLS
1808,SFMBT2
1809,SCARNA4
1810,RRAD
1811,TOX
1812,NUF2
1813,REV3L
1814,RGS1
1815,TARBP1
1816,UIMC1
1817,CYP4Z1
1818,CSPP1
1819,FMO6P
1820,COMP
1821,DNHD1
1822,TDRD9
1823,CLHC1
1824,MCM10
1825,SETSIP
1826,AKR1E2
1827,KIAA0586
1828,MTBP
1829,SLFN12L
1830,USH1C
1831,PPP1R21
1832,ZNF266
1833,LINC00894
1834,MIR221
1835,TTK
1836,FRMPD2
1837,IKBKB
1838,WNK4
1839,SAMD12-AS1
1840,SLC6A15
1841,GSTM3
1842,ENG
1843,PIBF1
1844,WDR60
1845,MMS22L
1846,CRYZL1
1847,EHBP1
1848,GTF3C2-AS1
1849,MIR181A1HG
1850,LINC00265
1851,ZNF154
1852,SMG1P1
1853,ADCY10P1
1854,NRDE2
1855,SNORA60
1856,FGFBP2
1857,ECHDC3
1858,KIAA1841
1859,ZNF547
1860,ZNF680
1861,SNORA71C
1862,LINC01206
1863,PBK
1864,LOC442497
1865,NOP58
1866,ZNF502
1867,ST7-OT4
1868,NEK5
1869,LOC283922
1870,ZNF17
1871,CARD8
1872,TPM3P9
1873,ZNF195
1874,ZNF462
1875,FZD7
1876,ABCA9
1877,MSANTD2
1878,LRRC37B
1879,CCDC181
1880,BRSK2
1881,NNAT
1882,SPRR2E
1883,LUC7L
1884,THBS1
1885,PDE5A
1886,SCAPER
1887,HAP1
1888,IL7R
1889,LINC00260
1890,ZNF354C
1891,LOC441666
1892,TNFSF15
1893,KRT78
1894,PARP6
1895,HOXB9
1896,PRKCE
1897,TAS2R5
1898,ADCY2
1899,TDRD3
1900,ZNF26
1901,ZNF573
1902,BTG4
1903,SYT14
1904,ZMAT1
1905,PPP2R2C
1906,RUNX1-IT1
1907,LINC00571
1908,PRIM2
1909,CCDC13
1910,ROS1
1911,PLEKHG4B
1912,FAM13A
1913,MT1M
1914,COL5A1
1915,PLEKHA5
1916,FAM76B
1917,ZNF527
1918,LRP5L
1919,CASC21
1920,CRYM-AS1
1921,UHRF2
1922,TRNT1
1923,PRC1-AS1
1924,RSRC2
1925,MPHOSPH8
1926,SENP7
1927,SLC4A7
1928,RGS22
1929,GAS2
1930,TMEM61
1931,AGAP4
1932,CTNND1
1933,ZSCAN26
1934,ABCA10
1935,HMMR
1936,ZBED6
1937,ZNF440
1938,ZNF781
1939,CCDC82
1940,FCHSD2
1941,HESX1
1942,CXCL5
1943,CREBRF
1944,NRG1
1945,PTPRM
1946,DYDC1
1947,SMC5
1948,WDHD1
1949,FSIP1
1950,CHML
1951,LOC101927630
1952,CCDC57
1953,SNORD83B
1954,DDX5
1955,COL23A1
1956,GSDMC
1957,RAD51AP1
1958,ANK2
1959,PHTF2
1960,NR2F2-AS1
1961,LOXL3
1962,SNED1
1963,MYBL1
1964,HSF4
1965,THSD7A
1966,STAC
1967,RASSF8-AS1
1968,PDCD6IPP2
1969,GNA14
1970,NEK3
1971,FAM221B
1972,DST
1973,TRIM52
1974,COL11A2
1975,TDRD6
1976,CBWD5
1977,LOC100506023
1978,UGT1A6
1979,ASB14
1980,ZNF182
1981,CCNE2
1982,TFF2
1983,HOXA2
1984,LOC100506123
1985,TRIM66
1986,MESP1
1987,RGL3
1988,SMARCAD1
1989,MCTS2P
1990,CSF2
1991,ARHGAP29
1992,ZNF417
1993,GUSBP1
1994,SIX3
1995,FANCL
1996,RAMP2-AS1
1997,XRCC2
1998,SETD2
1999,ATM
2000,ZNF337
2001,CCL20
2002,GNRH1
2003,AGO3
2004,ITSN2
2005,PTPN12
2006,POLR2J2
2007,CCDC173
2008,ZNF225
2009,CROCC
2010,SUMO4
2011,LOC100506071
2012,COX10-AS1
2013,CLEC4A
2014,PUS7
2015,WDR70
2016,FMO3
2017,RP1
2018,SYNGAP1
2019,ZNF558
2020,ADAM20
2021,FOXP2
2022,PIGL
2023,FER
2024,LINC01344
2025,CCDC14
2026,FBXO43
2027,SLC9A9
2028,KIAA1586
2029,MIR4767
2030,BIRC3
2031,ANKRD26
2032,PCDHGB4
2033,ARHGEF26
2034,FANCI
2035,TMLHE
2036,DLGAP5
2037,TUBGCP5
2038,KIAA0825
2039,ARAP2
2040,FAM221A
2041,ITGA4
2042,SPRR3
2043,ADAM20P1
2044,KIAA1107
2045,EFCAB12
2046,SNORA71A
2047,CACNA1D
2048,RPS6KA2-IT1
2049,MND1
2050,ATP2A3
2051,FANCD2
2052,IFT81
2053,TSPAN19
2054,ZZZ3
2055,HHIP
2056,TOP1MT
2057,RANBP17
2058,LSMEM1
2059,SCLT1
2060,ATXN7L1
2061,FILIP1
2062,ZNF254
2063,ZNF529
2064,LOC202181
2065,AFG3L1P
2066,RTTN
2067,ZNF799
2068,ZNF816
2069,LOC101927668
2070,CEP63
2071,ESRRG
2072,DIAPH2
2073,MAPK8IP3
2074,ZNF19
2075,TBCK
2076,CHADL
2077,STAC2
2078,STAG3L5P-PVRIG2P-PILRB
2079,ZNF69
2080,SLC10A5
2081,RIMS2
2082,SV2B
2083,U2SURP
2084,UGT1A5
2085,ALMS1-IT1
2086,UNC80
2087,IFNE
2088,SHOX2
2089,SULT1B1
2090,TEX14
2091,PAXBP1
2092,ZNF429
2093,NPIPA5
2094,WFDC6
2095,SNORA7B
2096,KCNG3
2097,ACOXL
2098,CEP57L1
2099,RAD54B
2100,MMEL1
2101,RTN4RL1
2102,ARHGAP24
2103,XPA
2104,CEL
2105,OCA2
2106,ADGB
2107,ZNF879
2108,SIK1
2109,ZNF391
2110,LOC101928519
2111,LINC00689
2112,DKK3
2113,THBS4
2114,SNORA52
2115,FGD6
2116,ZNF284
2117,PAN2
2118,ZNF251
2119,CDC6
2120,PARGP1
2121,ZNF605
2122,THAP9-AS1
2123,TNFAIP3
2124,DLG2
2125,KIF18A
2126,IL12RB2
2127,ZNF891
2128,CDHR3